Feature,Mean_SHAP
time,-0.07284670766395317
serum_creatinine,-0.027354058934785548
age,-0.02575495788615337
serum_sodium,-0.020111715864903453
platelets,-0.01371460052535683
creatinine_phosphokinase,-0.011592284558407306
ejection_fraction,-0.00808473868650847
anaemia,-0.0049905949086534
sex,-0.004314906471937001
diabetes,-0.0026758868902767075
smoking,-0.002564764865219649
high_blood_pressure,-0.002466444316945961
